s_names,values
UserA,1205.0001422804926
UserB,1445.0
UserC,1680.000003789533
UserD,1920.0000017736024
