s_names,values
UserA,19206.050540648088
UserB,29735.959537033625
UserC,38524.6090948089
UserD,47391.0204900218
