s_names,values
UserA,3100.0002845609843
UserB,4350.0
UserC,5600.000010335089
UserD,6950.000004837098
