s_names,values
UserA,1377.0787137042244
UserB,1802.0410452464657
UserC,2042.5053721939644
UserD,2378.815693522268
