s_names,values
UserA,599.8269416578257
UserB,1022.5774491332362
UserC,1105.1093013357436
UserD,1428.9672623874626
