s_names,values
UserA,28497.901816742193
UserB,47969.03926822454
UserC,62193.290082134
UserD,80064.64450943856
