s_names,values
UserA,524.8269429033771
UserB,715.7812641324032
UserC,1105.1093013432185
UserD,1428.9672623875636
