s_names,values
UserA,1567.4166402834405
UserB,2217.069777988332
UserC,2740.6653798101484
UserD,3283.2149123401623
