s_names,values
UserA,19101.41016481139
UserB,29384.215898145452
UserC,38719.403297032666
UserD,47299.706077724535
