s_names,values
UserA,1361.5892455444825
UserB,1767.9172589668667
UserC,2053.109318624467
UserD,2354.818614943908
