s_names,values
UserA,1205.000001376954
UserB,1445.0
UserC,1679.999998843714
UserD,1920.0
