s_names,values
UserA,1178.397687745959
UserB,1456.8827416745357
UserC,1601.9448577016085
UserD,1779.7114595876262
