s_names,values
UserA,514.5696157630173
UserB,593.7400988968723
UserC,649.8295581646005
UserD,704.416339249762
