s_names,values
UserA,13989.469078722504
UserB,19544.657651354915
UserC,24374.775149660913
UserD,48309.706077724535
