s_names,values
UserA,5230.000014888499
UserB,9490.000000516537
UserC,10770.000019213141
UserD,11250.00000345442
