s_names,values
UserA,1121.177769046455
UserB,1223.272435405287
UserC,1622.0316965483019
UserD,2123.357292152349
