s_names,values
UserA,19396.408656324053
UserB,29919.223723862637
UserC,39489.40330232526
UserD,48309.705409424576
