s_names,values
UserA,1361.5892034904984
UserB,1767.9173292790715
UserC,2053.1093185256022
UserD,2354.8185956635134
