s_names,values
UserA,15239.933697259896
UserB,36916.30779305258
UserC,45493.072976649026
UserD,68702.9755995196
