s_names,values
UserA,1816.5303580232328
UserB,2894.069841519868
UserC,3740.6364434579314
UserD,4998.857033176278
