s_names,values
UserA,29874.140871444768
UserB,50108.41604949332
UserC,68799.71559905226
UserD,86731.16727443917
