s_names,values
UserA,1265.1596406238014
UserB,1646.590652285646
UserC,1880.7197602389247
UserD,2154.971169443401
