s_names,values
UserA,1554.9999991180503
UserB,2034.9999999999995
UserC,2560.0000000870823
UserD,3039.9999999998577
