s_names,values
UserA,4499.999998083665
UserB,6749.999999999999
UserC,9150.000000191292
UserD,11499.999999998872
