s_names,values
UserA,7814.6499985164155
UserB,9984.001797769915
UserC,11690.834599171336
UserD,16373.7885442154
