s_names,values
UserA,716.997903419003
UserB,964.2040245742949
UserC,1098.7584251852813
UserD,1407.1650410247935
