s_names,values
UserA,1361.5892400102055
UserB,1767.9173263659409
UserC,2053.1092854880853
UserD,2354.8186092116143
