s_names,values
UserA,1499.999996346744
UserB,1980.0
UserC,2450.0
UserD,2930.000000000821
