s_names,values
UserA,1500.000000719946
UserB,1980.0
UserC,2450.0
UserD,2929.99999337563
