s_names,values
UserA,36481.025557192545
UserB,62370.23011394119
UserC,87534.57619534835
UserD,110753.27981371645
