s_names,values
UserA,47453.35682401278
UserB,53043.08637054148
UserC,87381.91554089288
UserD,110050.38927275446
