s_names,values
UserA,36471.10212003316
UserB,63614.574358270154
UserC,87785.84205745893
UserD,110588.96061256017
