s_names,values
UserA,1878.2188201618358
UserB,1968.9191420524253
UserC,3200.2902233611194
UserD,3857.9249045158567
