s_names,values
UserA,1722.6737346358786
UserB,2565.2492820250636
UserC,3221.16502403223
UserD,3885.758047741932
