s_names,values
UserA,1719.6232183439492
UserB,2524.285316672992
UserC,3210.0390024644466
UserD,3897.054003825432
