s_names,values
UserA,50274.055293366735
UserB,52972.03118347588
UserC,87728.14908860608
UserD,110031.85715739493
