s_names,values
UserA,3770.0
UserB,1979.9999973090412
UserC,2449.999988581219
UserD,2930.0000006850464
