s_names,values
UserA,10070.0
UserB,6700.00001542003
UserC,9149.99997320346
UserD,11500.000005055172
