s_names,values
UserA,1991.5361883202652
UserB,1966.9513519352486
UserC,3214.8871374335913
UserD,3856.1707738252517
