s_names,values
UserA,1204.9999816952316
UserB,1445.0000037382563
UserC,1680.0000014011619
UserD,1919.9999999981715
