s_names,values
UserA,3100.0
UserB,4350.000022864715
UserC,5600.000011134186
UserD,6949.999999996326
