s_names,values
UserA,3885.000000895677
UserB,4935.0
UserC,4360.0
UserD,5409.999993711682
