s_names,values
UserA,25002.240714367912
UserB,46451.35315700406
UserC,75766.27832933991
UserD,93660.17693961605
