s_names,values
UserA,1278.1345275457534
UserB,1946.9578974043905
UserC,2772.687492267867
UserD,3273.664518843999
