s_names,values
UserA,5981.334003258868
UserB,7593.726000000001
UserC,7149.7339999999995
UserD,8762.126
