s_names,values
UserA,1500.0
UserB,1980.0000002630256
UserC,2449.9999965831303
UserD,2929.9999999620354
