s_names,values
UserA,4350.0
UserB,6599.9999999995825
UserC,8850.0
UserD,11199.999999902466
