s_names,values
UserA,1278.1345255313827
UserB,1946.9578948447515
UserC,2640.721903133277
UserD,3273.6645209442822
