s_names,values
UserA,22890.506645566085
UserB,35575.84635529321
UserC,47324.544113076474
UserD,57717.44923045654
