s_names,values
UserA,567.7705594646164
UserB,697.5865969858157
UserC,748.463893597568
UserD,950.9656811910666
