s_names,values
UserA,10922.721547468314
UserB,21172.895401789763
UserC,30496.70499558559
UserD,32920.23917509707
