s_names,values
UserA,4935.0
UserB,5174.999996038482
UserC,5409.9999939653035
UserD,7519.999999999876
