s_names,values
UserA,7294.7660000000005
UserB,8025.015989195859
UserC,8755.265983541738
UserD,11711.31799999956
