s_names,values
UserA,697.3269743926071
UserB,1005.7586987712701
UserC,1166.3698548973437
UserD,1065.879609886109
