s_names,values
UserA,6299.999997168307
UserB,11060.0
UserC,16820.0
UserD,19719.999995773323
