s_names,values
UserA,22950.506628741077
UserB,35575.846400133945
UserC,47210.269400644305
UserD,57717.44922509517
