s_names,values
UserA,492.7706299267221
UserB,673.9373095312503
UserC,798.2722742763561
UserD,912.8852279977344
