s_names,values
UserA,1500.0
UserB,1980.0000026267478
UserC,2449.999998103559
UserD,2929.99998888322
