s_names,values
UserA,3769.9999999999163
UserB,4900.0
UserC,5370.0
UserD,5850.0000000003565
