s_names,values
UserA,27679.788577589727
UserB,54713.12145612812
UserC,79283.90482150827
UserD,102479.92198875276
