s_names,values
UserA,9869.999999999773
UserB,14120.0
UserC,16370.0
UserD,18620.000000002525
