s_names,values
UserA,1229.1076538913244
UserB,1653.3622943579471
UserC,2009.4425502075915
UserD,2327.8518570528913
