s_names,values
UserA,1205.0000010971846
UserB,1445.0
UserC,1680.0
UserD,1919.9999989760952
