s_names,values
UserA,3100.000001075671
UserB,4350.0
UserC,5600.0
UserD,6950.000013862289
