s_names,values
UserA,14198.824591228353
UserB,16393.763059174402
UserC,33314.07922066465
UserD,41563.417675102646
