s_names,values
UserA,3400.0000000001774
UserB,6310.0
UserC,7160.0
UserD,8259.999568638934
