s_names,values
UserA,6025.000001630258
UserB,4305.000002845264
UserC,7960.0
UserD,8440.0
