s_names,values
UserA,2310.0
UserB,4250.000000462393
UserC,7850.0
UserD,8330.000001463415
