s_names,values
UserA,62066.3874871987
UserB,104498.6496055995
UserC,122573.59721753876
UserD,170568.77676257826
