s_names,values
UserA,23247.941579956496
UserB,104498.64897308293
UserC,122573.59711295359
UserD,170568.77672620153
