s_names,values
UserA,22753.922149045684
UserB,103619.87393266418
UserC,120513.32336963566
UserD,168302.90687831875
