s_names,values
UserA,1008.6252431338811
UserB,2151.0918161042655
UserC,2381.7470844000745
UserD,3112.481839056095
