s_names,values
UserA,996.7352947078093
UserB,2138.1618952673043
UserC,2347.116365001152
UserD,3072.1424628503423
