s_names,values
UserA,13730.0
UserB,12120.00002266307
UserC,19690.0
UserD,21690.000016023434
