s_names,values
UserA,1606.698338808685
UserB,2151.0918216641912
UserC,2381.747085020233
UserD,3112.481839693644
