s_names,values
UserA,13430.000010153364
UserB,12270.000021820819
UserC,19990.0
UserD,21990.0
