s_names,values
UserA,6110.0
UserB,12120.000003601246
UserC,19690.0
UserD,21690.000010798984
