s_names,values
UserA,599.8269426475072
UserB,765.6710536288607
UserC,899.4289709829534
UserD,1033.0525381406142
