s_names,values
UserA,22950.506631847387
UserB,31097.039430123004
UserC,38299.97859033688
UserD,48750.48926656637
