s_names,values
UserA,2950.0000000080404
UserB,4400.000000009413
UserC,7660.0
UserD,8300.0
