s_names,values
UserA,1421.160909146123
UserB,1945.468948456842
UserC,2294.2102245794017
UserD,2843.316462469087
