s_names,values
UserA,6150.000000008156
UserB,10910.00000001296
UserC,16820.0
UserD,19620.0
