s_names,values
UserA,36300.4754292075
UserB,61993.94525841575
UserC,85890.67941644657
UserD,109229.87244574791
