s_names,values
UserA,1728.5696647967438
UserB,2562.9022578400427
UserC,3235.249073103034
UserD,3939.8893983806333
