s_names,values
UserA,3100.00002304275
UserB,4400.0
UserC,5400.000003674025
UserD,6499.999987192519
