s_names,values
UserA,36300.4755022346
UserB,63180.66768356548
UserC,76616.41682233769
UserD,91040.52418715687
