s_names,values
UserA,1728.5696698997392
UserB,2570.438539032647
UserC,3264.4877337883254
UserD,3618.7927828260463
