s_names,values
UserA,5970.0
UserB,9460.000005264603
UserC,12199.999997656203
UserD,14230.000003656753
