s_names,values
UserA,8058.176
UserB,12007.368023587163
UserC,16400.55199315371
UserD,18153.152015764237
