s_names,values
UserA,882.7833725416328
UserB,1343.7630310367058
UserC,1322.2076108055926
UserD,2070.8704490048212
