s_names,values
UserA,923.0243880761532
UserB,1170.06481228331
UserC,1658.1783086602104
UserD,1818.2353998969404
