s_names,values
UserA,1992.9781901892218
UserB,1364.912653860311
UserC,2034.038272490368
UserD,2302.7387967947657
