s_names,values
UserA,6910.000009572661
UserB,6800.0
UserC,9150.000000113248
UserD,11499.999998733945
