s_names,values
UserA,32188.193753362095
UserB,54374.318220269575
UserC,78705.94849231375
UserD,102268.50506547562
