s_names,values
UserA,3631.8320000000003
UserB,7142.875236973888
UserC,8457.324
UserD,9771.774
