s_names,values
UserA,1215.31286929083
UserB,1392.528594970662
UserC,1688.531872478969
UserD,1971.6309177130486
