s_names,values
UserA,1361.5892258235376
UserB,1576.1555374207571
UserC,1859.1425950879654
UserD,1975.5278100060782
