s_names,values
UserA,28497.901837278452
UserB,47418.34555582558
UserC,62193.2900610411
UserD,78613.50846877384
