s_names,values
UserA,1664.8786471254357
UserB,2834.1001618460614
UserC,3439.1319421814815
UserD,3945.0133575599802
