s_names,values
UserA,-364345.8521570433
UserB,-364170.2072651595
UserC,-363993.7845045438
UserD,-363839.41452158213
