s_names,values
UserA,13694.469067158232
UserB,18952.208394237885
UserC,23748.13173031964
UserD,28509.861008456934
