s_names,values
UserA,514.569615680708
UserB,593.7400983415848
UserC,649.8295573760327
UserD,704.4163385057919
