s_names,values
UserA,3475.0000005843563
UserB,4364.999999999876
UserC,4600.0
UserD,4839.999999999876
