s_names,values
UserA,28099.168265588014
UserB,46284.58601133178
UserC,62767.58756593023
UserD,78704.99697481889
