s_names,values
UserA,599.826942969517
UserB,924.7150912124165
UserC,1164.914923892591
UserD,1433.2904464841613
