s_names,values
UserA,35653.36860452584
UserB,61870.7267205188
UserC,85467.03685450472
UserD,108742.14036531548
