s_names,values
UserA,1554.9999950929102
UserB,2090.0000022490854
UserC,2614.9999994482096
UserD,3095.000000311226
