s_names,values
UserA,4499.9999892266405
UserB,6900.000017771332
UserC,9299.999998301524
UserD,11649.999999470374
