s_names,values
UserA,1700.9559361544116
UserB,2516.2986851397927
UserC,3163.457085625443
UserD,3854.7412134835517
