s_names,values
UserA,23517.31733908523
UserB,38411.03628013893
UserC,57613.12563977842
UserD,81324.79432698684
