s_names,values
UserA,8025.015999999981
UserB,13761.86
UserC,15958.452000000001
UserD,17126.852
