s_names,values
UserA,1314.409856952154
UserB,1617.6323390216073
UserC,2255.541473740933
UserD,2877.269669312641
