s_names,values
UserA,1205.0000510005937
UserB,1444.999999183415
UserC,1680.0000051295328
UserD,1920.0000005598567
