s_names,values
UserA,29579.141178914157
UserB,49573.41590337608
UserC,68029.71532653978
UserD,85721.16723883925
