s_names,values
UserA,1499.9999917875446
UserB,1980.0000008329814
UserC,2450.0
UserD,2929.9999999429538
