s_names,values
UserA,19101.41017722504
UserB,18952.20832664846
UserC,28109.983448131075
UserD,36107.487601103116
