s_names,values
UserA,5449.999998435935
UserB,6599.999998718113
UserC,8849.999999996733
UserD,11200.000013475912
