s_names,values
UserA,22890.50664814854
UserB,31042.04976475529
UserC,37437.58396660349
UserD,48758.01285422215
