s_names,values
UserA,2890.0
UserB,4340.00033889261
UserC,8310.0
UserD,8355.00069509317
