s_names,values
UserA,1421.1608338596955
UserB,1945.794309699763
UserC,2036.452549140573
UserD,2839.8718275259466
