s_names,values
UserA,8433.669823491633
UserB,30011.458005235192
UserC,46595.21585623999
UserD,63111.77563587276
