s_names,values
UserA,7277.926
UserB,7177.9259999999995
UserC,7762.126
UserD,8346.326000000001
