s_names,values
UserA,836.0703878831029
UserB,1491.6459119893598
UserC,1968.109954633138
UserD,2454.095306257301
