s_names,values
UserA,10935.2089792901
UserB,7773.362591455753
UserC,25812.754172857145
UserD,30643.33165328113
