s_names,values
UserA,3884.999996024822
UserB,7490.000000003774
UserC,5820.0
UserD,7520.0
