s_names,values
UserA,1410.466767032448
UserB,1367.5894284948265
UserC,2331.632706530044
UserD,2484.3746292500073
