s_names,values
UserA,775.4163123197491
UserB,728.1731379640013
UserC,1111.2655761267126
UserD,1627.7851303798277
