s_names,values
UserA,9419.999989158605
UserB,17090.0000000052
UserC,15180.0
UserD,19940.0
