s_names,values
UserA,1204.9999894727307
UserB,1445.0
UserC,1680.000000664922
UserD,2329.9999839392403
