s_names,values
UserA,36386.08884132617
UserB,62870.83129319338
UserC,87636.69326288272
UserD,108527.01684244885
