s_names,values
UserA,1729.5113071853734
UserB,2552.7074246236903
UserC,3255.230937044781
UserD,3902.9366109403572
