s_names,values
UserA,28497.901689892606
UserB,47418.3455429703
UserC,62193.29008250553
UserD,80064.64450943656
