s_names,values
UserA,5230.0
UserB,6520.0
UserC,6990.000004874024
UserD,8119.999967641443
