s_names,values
UserA,8025.0160000000005
UserB,10367.657999999996
UserC,11682.108051056317
UserD,14164.957980595274
