s_names,values
UserA,818.9207907101251
UserB,1091.1001959488312
UserC,1370.8634288937267
UserD,1473.8929688682329
