s_names,values
UserA,16033.650264602853
UserB,23489.894723064113
UserC,32801.64369607854
UserD,41375.544002586146
