s_names,values
UserA,2014.9999999996896
UserB,3715.0
UserC,3949.999999999876
UserD,4190.000000003213
