s_names,values
UserA,2901.581999999093
UserB,5828.423999999999
UserC,6558.673999999559
UserD,7288.924000008033
