s_names,values
UserA,1019.7733457097983
UserB,1009.3218229607361
UserC,1139.603486709165
UserD,1277.7449789805887
