s_names,values
UserA,36300.4755022346
UserB,63180.66768356548
UserC,87293.72972688828
UserD,110610.26464271224
