s_names,values
UserA,5229.999982597499
UserB,7169.999998116692
UserC,6829.999999999926
UserD,8119.999979327758
