s_names,values
UserA,23517.31717177703
UserB,46312.93050641512
UserC,75325.39057370694
UserD,94224.50148257062
