s_names,values
UserA,8025.015952538634
UserB,11536.058000175679
UserC,11822.31599999973
UserD,14164.957987205373
