s_names,values
UserA,1499.999999157245
UserB,1980.0000005532188
UserC,2450.000002875485
UserD,2930.0000008054117
