s_names,values
UserA,36595.47495628868
UserB,63715.66737881412
UserC,88063.72949795666
UserD,111620.26446977291
