s_names,values
UserA,1499.999999157245
UserB,1980.0000005532186
UserC,2450.0000028754853
UserD,2930.0000008054117
