s_names,values
UserA,1500.0000010800832
UserB,2789.999988515006
UserC,2449.9999206632087
UserD,2930.000000000171
