s_names,values
UserA,1728.5696545836
UserB,2570.438532609769
UserC,3239.939007727329
UserD,3939.017058641535
