s_names,values
UserA,4349.99999660187
UserB,6600.00000424273
UserC,8850.000008398596
UserD,11200.000010363727
