s_names,values
UserA,13694.469051833701
UserB,18952.208333539675
UserC,23748.131710943784
UserD,36107.48754729705
