s_names,values
UserA,2595.0000000000005
UserB,2890.0
UserC,4170.0
UserD,2329.999999999876
