s_names,values
UserA,514.5696154364739
UserB,593.7400993596956
UserC,649.829557101538
UserD,967.3953478912424
