s_names,values
UserA,3024.9500000000007
UserB,3759.15
UserC,5069.65
UserD,4193.349999999558
