s_names,values
UserA,10921.70939517172
UserB,16424.40875784328
UserC,39489.403262877735
UserD,48309.70574766462
