s_names,values
UserA,3700.0
UserB,4234.999999429454
UserC,2450.0
UserD,2929.9999999757097
