s_names,values
UserA,1728.5696670680209
UserB,2570.438530871108
UserC,3239.939010350119
UserD,3939.0170425518436
