s_names,values
UserA,13921.662740675958
UserB,16325.651439759476
UserC,20261.323850403394
UserD,24990.376439669883
