s_names,values
UserA,2655.000000007309
UserB,3760.0000000198806
UserC,4100.0
UserD,5380.0
