s_names,values
UserA,1220.983507588032
UserB,1454.230704772561
UserC,1763.5250381869098
UserD,2083.5672998601053
