s_names,values
UserA,4900.000000007415
UserB,7860.000000027371
UserC,9660.0
UserD,12110.0
