s_names,values
UserA,1567.4166620008373
UserB,2217.0697835064225
UserC,2740.665386838312
UserD,3283.214913416924
