s_names,values
UserA,13921.662749122035
UserB,19390.05076555572
UserC,23714.05062391375
UserD,28053.910635900804
