s_names,values
UserA,454.73692334491983
UserB,549.7678678970898
UserC,597.643536397595
UserD,730.050931811588
