s_names,values
UserA,1361.5892438494598
UserB,1377.930421609583
UserC,1664.4148239971119
UserD,2354.8186011778926
