s_names,values
UserA,2362.8421897698026
UserB,2210.1519156548957
UserC,978.029810056014
UserD,15420.543667895945
