s_names,values
UserA,775.4163132346077
UserB,868.9894445433001
UserC,1111.2655578391202
UserD,1627.785128112811
