s_names,values
UserA,18036.58983554485
UserB,34168.63343374856
UserC,44881.4560192224
UserD,50720.63096252734
