s_names,values
UserA,3760.0
UserB,3590.000000004009
UserC,6040.000000002649
UserD,7490.0
