s_names,values
UserA,1207.7706895121878
UserB,2072.171224333605
UserC,2575.87140511288
UserD,2924.4609348516433
