s_names,values
UserA,7910.0
UserB,9150.000000005519
UserC,13300.000000004606
UserD,17860.0
