s_names,values
UserA,-3525.881145328771
UserB,7314.087695403214
UserC,19747.56183657736
UserD,19772.845553751307
