s_names,values
UserA,13479.552000000001
UserB,18306.936
UserC,21671.927999999996
UserD,30114.304
