s_names,values
UserA,789.146477044846
UserB,1436.159326193331
UserC,2231.9605350203055
UserD,2377.721175445103
