s_names,values
UserA,5230.000000004799
UserB,9490.000000004882
UserC,10770.0
UserD,11250.0
