s_names,values
UserA,17072.307589607113
UserB,24025.992541126365
UserC,37117.082864363554
UserD,54776.675914646665
