s_names,values
UserA,1121.1777947292671
UserB,1223.2724356195934
UserC,1622.0316939157638
UserD,2123.3572927019873
