s_names,values
UserA,8025.016000022574
UserB,13761.860000003928
UserC,15958.452000000001
UserD,17126.852
