s_names,values
UserA,28497.90180677137
UserB,47969.03925842041
UserC,62492.21443215042
UserD,78717.82354046234
