s_names,values
UserA,524.8269428055055
UserB,715.7812640361352
UserC,1105.2428509145543
UserD,1007.9967169347362
