s_names,values
UserA,3885.000000333976
UserB,4935.000008831474
UserC,5170.0
UserD,5410.000000565496
