s_names,values
UserA,29172.83254550788
UserB,49285.087769049074
UserC,67276.40879145975
UserD,85105.480300909
