s_names,values
UserA,1546.4715357104224
UserB,2192.7454844048666
UserC,2695.4328207524586
UserD,3235.1470468434145
