s_names,values
UserA,23517.317342623828
UserB,46312.930426093284
UserC,75325.39066310004
UserD,94224.50130770005
