s_names,values
UserA,5230.0
UserB,7170.000008856572
UserC,6829.999999040891
UserD,8119.999999962018
