s_names,values
UserA,923.0243859071732
UserB,1170.0648112409697
UserC,1658.1783095737358
UserD,1818.2353980320852
