s_names,values
UserA,8025.0160000000005
UserB,11536.058024154288
UserC,11822.315997384248
UserD,14164.957999974758
