s_names,values
UserA,10657.002932666968
UserB,14271.224779016926
UserC,45627.20893826465
UserD,62509.53913889942
