s_names,values
UserA,777.6694962314411
UserB,1016.4378050767214
UserC,1378.5334495501306
UserD,1648.6578686947978
