s_names,values
UserA,6135.0
UserB,4250.000002955086
UserC,7850.0
UserD,8330.000002171399
