s_names,values
UserA,1499.999985088732
UserB,1980.0000001650983
UserC,2450.0
UserD,2930.0
