s_names,values
UserA,36595.47535975681
UserB,63715.66740882732
UserC,88063.72967125669
UserD,111620.26381346215
