s_names,values
UserA,1499.9999742107386
UserB,1979.9999918686517
UserC,2450.0000011341863
UserD,2930.000000011353
