s_names,values
UserA,5675.000000414261
UserB,4935.000006181023
UserC,5170.0
UserD,5409.999999586749
