s_names,values
UserA,12280.000002288352
UserB,12180.000037858765
UserC,13180.0
UserD,14180.000015336249
