s_names,values
UserA,28286.885452380648
UserB,48022.32415906152
UserC,62492.214404457125
UserD,78613.50844172768
