s_names,values
UserA,1816.1834751450872
UserB,2488.0316777656362
UserC,3259.3928208731395
UserD,3945.0133539372705
