s_names,values
UserA,29579.14094700188
UserB,49573.415407238404
UserC,68029.71543622071
UserD,85721.16711179834
