s_names,values
UserA,1205.0
UserB,1445.0000005885297
UserC,1680.000000001006
UserD,1919.9999999999998
