s_names,values
UserA,1567.4165843734731
UserB,2217.069767571328
UserC,2740.665382693123
UserD,3283.214910834053
