s_names,values
UserA,3100.0
UserB,4350.000003604744
UserC,5600.000000006287
UserD,6949.999999999999
