s_names,values
UserA,29874.141674246683
UserB,50108.41587626995
UserC,68799.71545554446
UserD,82276.0217132242
