s_names,values
UserA,28286.885443954616
UserB,48025.76009100816
UserC,62492.214421455574
UserD,78652.4560247772
