s_names,values
UserA,766.7034272794624
UserB,715.7778141893535
UserC,906.5203018828564
UserD,1057.1569588153636
