s_names,values
UserA,3947.3
UserB,6826.200000000001
UserC,8278.800000000001
UserD,11299.8
