s_names,values
UserA,32188.193100653658
UserB,54374.325065388985
UserC,78705.94829939598
UserD,89449.38814217859
