s_names,values
UserA,1606.698321255407
UserB,2151.0918273385178
UserC,2834.6073518133007
UserD,3112.4818311974836
