s_names,values
UserA,3631.8320000000003
UserB,7142.874
UserC,8457.324001717594
UserD,12733.668
