s_names,values
UserA,22890.50658290274
UserB,35429.87223172961
UserC,47210.269310189935
UserD,66145.94088312895
