s_names,values
UserA,567.7705587823222
UserB,833.6032167729968
UserC,798.2722732914663
UserD,1190.135949559411
