s_names,values
UserA,3805.2000000000003
UserB,5115.700000000001
UserC,7894.6
UserD,7552.5
