s_names,values
UserA,29874.14196767479
UserB,50108.41609201926
UserC,68799.71567026046
UserD,86731.16718686647
