s_names,values
UserA,1567.4166601182596
UserB,2217.069782752192
UserC,2740.665386357153
UserD,3283.2149106924035
