s_names,values
UserA,28446.040380185295
UserB,46704.4621686647
UserC,63611.519279362445
UserD,80450.43114324941
