s_names,values
UserA,1205.0
UserB,1444.9999999999998
UserC,1680.0000009485982
UserD,1920.0
