s_names,values
UserA,1542.4543056974442
UserB,2137.635880966558
UserC,2611.327869018397
UserD,3147.8644266787196
