s_names,values
UserA,3100.0
UserB,4349.999999999999
UserC,5600.0000057734005
UserD,6950.0
