s_names,values
UserA,28630.29299784252
UserB,48029.0392697866
UserC,62534.29862446457
UserD,78708.1454721402
