s_names,values
UserA,570.9553279273058
UserB,715.7813062333939
UserC,934.0800460361169
UserD,1009.8029246969197
