s_names,values
UserA,14691.470903871423
UserB,29737.44868419141
UserC,30076.12168312545
UserD,51517.627277086605
