s_names,values
UserA,1083.6252482533791
UserB,1745.4732760055178
UserC,1812.0221446173862
UserD,2825.3271656539955
