s_names,values
UserA,36300.47494703143
UserB,63180.66744138344
UserC,87293.72952954534
UserD,99237.38727788848
