s_names,values
UserA,1205.000047029461
UserB,1445.0000007424464
UserC,1680.0000032713638
UserD,3950.0000006388273
