s_names,values
UserA,3100.000128262166
UserB,4350.000001327141
UserC,5600.0000058561445
UserD,9900.000006277965
