s_names,values
UserA,6620.000001955139
UserB,8030.0
UserC,10120.00001793034
UserD,9790.000002636207
