s_names,values
UserA,9586.521753956726
UserB,28388.86711808024
UserC,33195.71542017821
UserD,58672.344328457344
