s_names,values
UserA,1301.282258879259
UserB,2449.439384373559
UserC,2837.9304007978863
UserD,4516.251370154222
