s_names,values
UserA,15280.000005332195
UserB,19690.0
UserC,25210.000098054796
UserD,25450.00001945338
