s_names,values
UserA,19101.409687106654
UserB,29384.22378527955
UserC,38719.4028574597
UserD,47299.70584694803
