s_names,values
UserA,1205.0000017713232
UserB,1445.0
UserC,1680.0000000880327
UserD,1919.999997167517
