s_names,values
UserA,1361.5892391616073
UserB,1767.9173313004148
UserC,2053.1093151228197
UserD,2354.818612276793
