s_names,values
UserA,10763.055853939444
UserB,14024.031373712482
UserC,14683.623025755083
UserD,23630.014578296432
