s_names,values
UserA,5159.999999994719
UserB,6504.999999829768
UserC,8115.0
UserD,10465.0
