s_names,values
UserA,5160.000000180508
UserB,6505.0
UserC,4719.999999999891
UserD,10410.0
