s_names,values
UserA,11519.999999986003
UserB,15429.99999869446
UserC,20090.0
UserD,24190.0
