s_names,values
UserA,710.0159298726429
UserB,937.1859161821397
UserC,1081.4973222306478
UserD,1317.441318691131
