s_names,values
UserA,11520.000007521665
UserB,15430.0
UserC,14369.999999999534
UserD,24040.0
