s_names,values
UserA,714.7058665829619
UserB,954.1251535090394
UserC,1590.7679497514414
UserD,1345.1686457402238
