s_names,values
UserA,29579.14203565294
UserB,29667.38741328922
UserC,47567.47085569176
UserD,64900.145695937
