s_names,values
UserA,1939.4584443673402
UserB,1369.7060677667364
UserC,2025.2864471293083
UserD,2348.471964090511
