s_names,values
UserA,5970.0
UserB,4250.000005058357
UserC,10120.0
UserD,8330.000002240968
