s_names,values
UserA,5970.000002929168
UserB,4250.000005961789
UserC,12200.0
UserD,8330.000000412621
