s_names,values
UserA,6025.0
UserB,7425.000000338309
UserC,12255.0
UserD,8385.000001578843
