s_names,values
UserA,12516.935829878497
UserB,26430.613158279924
UserC,24830.984094507523
UserD,117928.9941196638
