s_names,values
UserA,12806.38829011544
UserB,78052.98689669101
UserC,55420.96993239403
UserD,119438.83034018309
