s_names,values
UserA,12806.388395159156
UserB,78052.98676352824
UserC,25859.642037766902
UserD,119438.8304112469
