s_names,values
UserA,792.3747020058518
UserB,1253.932057127292
UserC,1232.33842022804
UserD,2374.855086428436
