s_names,values
UserA,13580.0
UserB,12120.000013792167
UserC,25210.0
UserD,21690.00001653679
