s_names,values
UserA,13280.000019139707
UserB,12120.000016259422
UserC,27560.0
UserD,21690.000003044872
