s_names,values
UserA,882.7833892610091
UserB,1781.4214061800583
UserC,1430.4861081699232
UserD,2402.5956913294503
