s_names,values
UserA,13430.0
UserB,17490.000002594556
UserC,27710.0
UserD,21840.00001165077
