s_names,values
UserA,10686.70940410353
UserB,15949.879368519789
UserC,20740.631083597487
UserD,25502.101380739303
