s_names,values
UserA,6660.0
UserB,7810.000000004807
UserC,10210.0
UserD,12759.999999999998
