s_names,values
UserA,1002.3741175268893
UserB,1407.8036948660517
UserC,1709.641885752103
UserD,2005.109000324606
