s_names,values
UserA,2890.0
UserB,1980.0000023249195
UserC,3960.0000000000164
UserD,4440.0
