s_names,values
UserA,22890.506635050137
UserB,50108.41601876666
UserC,49737.63855973163
UserD,66145.94081269793
