s_names,values
UserA,6300.0
UserB,6600.00000634069
UserC,10650.000000000142
UserD,12750.0
