s_names,values
UserA,567.7705593501162
UserB,1020.8265205600911
UserC,987.2278766327838
UserD,1190.1359479567598
