s_names,values
UserA,3370.0
UserB,1980.0000030773476
UserC,2450.0000057732623
UserD,2930.0
