s_names,values
UserA,38119.616837533926
UserB,46170.91675527676
UserC,74960.6805265034
UserD,93871.9308579711
