s_names,values
UserA,3370.0
UserB,1980.0000111765444
UserC,2449.9999990132774
UserD,2930.0000001724065
