s_names,values
UserA,1938.8128929543602
UserB,1832.1921419920948
UserC,2931.4791821916774
UserD,3475.2782954963895
