s_names,values
UserA,8670.0
UserB,6700.000049465125
UserC,9149.99999785601
UserD,11500.0
