s_names,values
UserA,8670.0
UserB,6700.000008392767
UserC,9150.000009394285
UserD,11500.0
