s_names,values
UserA,36595.475301769126
UserB,59308.385829872575
UserC,88063.72926216631
UserD,111620.26415433481
