s_names,values
UserA,4350.00000483362
UserB,8049.999991945195
UserC,8849.999858235762
UserD,11200.000000001068
