s_names,values
UserA,1728.5696656294037
UserB,2433.2415662161075
UserC,3239.9390141908802
UserD,3939.017055725118
