s_names,values
UserA,10944.920212742778
UserB,14420.233584124286
UserC,62423.2884300639
UserD,24369.57312367353
