s_names,values
UserA,22890.50657060361
UserB,35520.857824903105
UserC,47291.482230733694
UserD,57599.026094329834
