s_names,values
UserA,492.77055864832954
UserB,674.0760308316574
UserC,747.9588323115523
UserD,1111.5292606062346
