s_names,values
UserA,26846.08809139132
UserB,43445.0277911644
UserC,55788.69002803165
UserD,70144.73453732992
