s_names,values
UserA,721.8223976494104
UserB,670.780838218691
UserC,869.0652551356244
UserD,925.023883958745
