s_names,values
UserA,1337.1841961024722
UserB,1811.8754510396252
UserC,2093.86352705178
UserD,2437.00642662239
