s_names,values
UserA,1500.0000000134123
UserB,5045.000000413636
UserC,3260.0000014263605
UserD,3740.000002599608
