s_names,values
UserA,19396.409743472486
UserB,13356.657333606381
UserC,36421.64315490656
UserD,45241.94590988163
