s_names,values
UserA,1500.0000040746206
UserB,1979.9999999999998
UserC,2450.000000766896
UserD,2930.0000000002383
