s_names,values
UserA,19396.409877158043
UserB,29919.22337022554
UserC,39489.40274892737
UserD,48309.70578939908
