s_names,values
UserA,4350.000010821226
UserB,6599.999999999999
UserC,8850.0
UserD,11200.00000000149
