s_names,values
UserA,1361.5892394349703
UserB,1233.6460796769031
UserC,1870.5957570754208
UserD,2166.9376074971688
