s_names,values
UserA,1361.5892411737716
UserB,1767.917321854251
UserC,2053.109309988177
UserD,2354.8186116700576
