s_names,values
UserA,13694.469075314297
UserB,19012.69834565836
UserC,23864.588051189752
UserD,28569.86120937714
