s_names,values
UserA,514.5696189434719
UserB,543.7479720297097
UserC,600.1050117491203
UserD,666.9163826594755
