s_names,values
UserA,36595.470567657394
UserB,63715.66750878721
UserC,88063.72969696841
UserD,111620.26367474865
