s_names,values
UserA,1337.1841431390712
UserB,1811.8754506868654
UserC,2093.863527712151
UserD,2437.0064712561725
