s_names,values
UserA,29874.141963506216
UserB,50108.415749918924
UserC,68799.71540663898
UserD,86731.16727891778
