s_names,values
UserA,1499.9999996505926
UserB,1980.0000129431346
UserC,2450.0000035231524
UserD,2930.0
