s_names,values
UserA,29874.141820567947
UserB,50108.415909903735
UserC,68799.71568764072
UserD,86731.16713759588
