s_names,values
UserA,1567.4166589609977
UserB,2217.0697790034387
UserC,2740.665386838312
UserD,3283.214911466514
