s_names,values
UserA,4350.0
UserB,6600.000002271767
UserC,8850.0
UserD,11199.999999999998
