s_names,values
UserA,4350.0
UserB,6600.000034968743
UserC,8850.000008276365
UserD,11200.0
