s_names,values
UserA,1567.4166604279294
UserB,2217.069775534534
UserC,2740.665381966214
UserD,3283.214913416924
