s_names,values
UserA,9388.193740428276
UserB,19263.130244823747
UserC,18951.941840526644
UserD,32277.0996137388
