s_names,values
UserA,7761.001454336306
UserB,10120.612386770943
UserC,25398.604467695634
UserD,33959.76990876718
