s_names,values
UserA,777.6694932296804
UserB,1016.4378044403534
UserC,1378.5334493482387
UserD,1648.6578786004286
