s_names,values
UserA,1500.0000001667572
UserB,4235.0
UserC,4760.0
UserD,2930.0000686530825
