s_names,values
UserA,19396.41001320731
UserB,16187.121656746906
UserC,20134.734443780893
UserD,48309.70469332737
