s_names,values
UserA,4350.000000276821
UserB,9910.0
UserC,12060.0
UserD,11200.000070156388
