s_names,values
UserA,24462.682977293938
UserB,46966.41648065817
UserC,67749.77522523342
UserD,83858.23514854694
