s_names,values
UserA,1490.7298629954191
UserB,2403.8763441750884
UserC,2736.969957609644
UserD,3233.490954200957
