s_names,values
UserA,22890.50657483659
UserB,50108.415982376835
UserC,49737.638572973396
UserD,66145.94096721955
