s_names,values
UserA,19101.40977660572
UserB,29384.223730126916
UserC,38719.40316628483
UserD,47299.70587783485
