s_names,values
UserA,3100.0000085897263
UserB,4350.0
UserC,5600.000001015318
UserD,6950.0
