s_names,values
UserA,26846.083789216133
UserB,42443.631195950264
UserC,55788.69016480088
UserD,70782.08515592144
