s_names,values
UserA,549.2850629335188
UserB,957.6236392730498
UserC,840.5822156412988
UserD,1308.3813705637288
