s_names,values
UserA,22890.50665126235
UserB,35429.87210674494
UserC,47210.269265434144
UserD,66145.94093982715
