s_names,values
UserA,567.7705595264772
UserB,833.60321541197
UserC,798.2722728038311
UserD,1190.1359501765946
