s_names,values
UserA,3770.0
UserB,4900.0
UserC,5369.99997384499
UserD,5849.9999999997235
