s_names,values
UserA,13612.161419072967
UserB,24782.12783474656
UserC,34237.39044383891
UserD,42943.20638996707
