s_names,values
UserA,9870.0
UserB,14120.0
UserC,16369.999996009079
UserD,18619.999999999047
