s_names,values
UserA,966.3194030792989
UserB,1193.3138318971787
UserC,1358.9880192607534
UserD,1547.7396622999138
