s_names,values
UserA,27679.78848206706
UserB,54713.121515404746
UserC,78633.90482351767
UserD,102479.9214256593
