s_names,values
UserA,1229.1076534575302
UserB,1653.362295460853
UserC,2009.442550315055
UserD,2327.8518485134055
