s_names,values
UserA,9310.201609517368
UserB,23212.0613826098
UserC,32770.4849749962
UserD,58563.285539179335
