s_names,values
UserA,5930.000002585953
UserB,8840.000002380117
UserC,10120.0
UserD,9790.00000324355
