s_names,values
UserA,948.7023999124963
UserB,1201.780923159867
UserC,1430.4861082857017
UserD,2163.56209422645
