s_names,values
UserA,6540.000008049779
UserB,10800.000009126765
UserC,12680.0
UserD,12800.000008620058
