s_names,values
UserA,36595.47539787405
UserB,63715.66757703704
UserC,88063.72965260151
UserD,111620.26458618855
