s_names,values
UserA,1337.1841974396555
UserB,1811.875451483047
UserC,2093.8635270632276
UserD,2437.006481763464
