s_names,values
UserA,3475.000002516483
UserB,4364.999981635803
UserC,5820.0
UserD,6060.0
