s_names,values
UserA,1149.5109596806647
UserB,1504.3484124232607
UserC,1569.9297132671636
UserD,1877.9977748197168
