s_names,values
UserA,1500.0
UserB,1980.0000178474738
UserC,2449.9999729354404
UserD,2930.000001432771
