s_names,values
UserA,36595.47547155133
UserB,63715.66732551703
UserC,88063.72951285398
UserD,111620.26454676322
