s_names,values
UserA,4350.0
UserB,6600.000043184361
UserC,8849.999973466118
UserD,11200.000003907557
