s_names,values
UserA,1728.5696690988998
UserB,2570.4385294246
UserC,3239.93900561208
UserD,3939.017060140318
