s_names,values
UserA,3885.0
UserB,4125.000000933916
UserC,4360.000000611952
UserD,5410.0
