s_names,values
UserA,1278.1345287687398
UserB,2082.8274292999017
UserC,2772.687492012261
UserD,3273.6645125089667
