s_names,values
UserA,1205.00000141931
UserB,1445.0000010289123
UserC,1680.0000010478982
UserD,1920.0
