s_names,values
UserA,27679.788790892024
UserB,54713.121656352065
UserC,79283.90481370674
UserD,102479.92249385038
