s_names,values
UserA,3770.0000000000964
UserB,4900.0
UserC,5370.0
UserD,5850.000000563276
