s_names,values
UserA,1620.493126023414
UserB,2411.9253829979425
UserC,3155.5180286911127
UserD,3829.8624410628963
