s_names,values
UserA,9870.000000000264
UserB,14120.0
UserC,16370.0
UserD,18620.000004134956
