s_names,values
UserA,13317.16203755561
UserB,24247.127635000492
UserC,28509.16278335172
UserD,36890.94845183833
