s_names,values
UserA,8620.000006863136
UserB,11869.999949915826
UserC,15180.0
UserD,16180.0
