s_names,values
UserA,1205.0
UserB,1445.0000000000355
UserC,1680.0000037950895
UserD,1919.9999952624842
