s_names,values
UserA,3100.0
UserB,4350.00000000025
UserC,5600.000010350243
UserD,6949.999986921258
