s_names,values
UserA,1376.7796628111944
UserB,1801.6738212935218
UserC,2107.3039875687955
UserD,2426.832469397357
