s_names,values
UserA,-361404.79849197343
UserB,-361143.8168030222
UserC,-360584.86413617444
UserD,-360736.4714897523
