s_names,values
UserA,1728.569669650049
UserB,2570.438535934378
UserC,3239.939012084495
UserD,3939.017054078953
