s_names,values
UserA,1205.0
UserB,1444.9999999994238
UserC,1679.999996598769
UserD,1920.0000004443827
