s_names,values
UserA,36300.475493628306
UserB,63180.667450403205
UserC,87293.7296449714
UserD,110610.26401581743
