s_names,values
UserA,3100.0
UserB,4349.999999998372
UserC,5599.999978945193
UserD,6950.0
