s_names,values
UserA,1672.8669494942067
UserB,2446.6547173690124
UserC,3041.884901783775
UserD,3674.944873921253
