s_names,values
UserA,36595.47527311512
UserB,63715.6675519693
UserC,88063.72963674704
UserD,111620.26279939311
