s_names,values
UserA,13989.46890014817
UserB,19544.65765342113
UserC,24404.814294542415
UserD,29519.86078476334
