s_names,values
UserA,452.0696130165776
UserB,531.2791733122854
UserC,696.6656912123286
UserD,666.9163349373908
