s_names,values
UserA,1205.000002001543
UserB,1444.9999990889964
UserC,1680.0000013190527
UserD,1920.000000004538
