s_names,values
UserA,3100.000012465749
UserB,4349.999998016524
UserC,5600.0
UserD,6950.000000032841
