s_names,values
UserA,1526.430483592514
UserB,2125.989398180242
UserC,2594.9367641904078
UserD,3088.9100986811163
