s_names,values
UserA,13248.41554197324
UserB,24221.976746085853
UserC,32989.4123068916
UserD,41705.87164980038
