s_names,values
UserA,3475.000001351172
UserB,4365.0
UserC,4600.0
UserD,4839.999999999876
