s_names,values
UserA,10922.721157805623
UserB,21172.895436776045
UserC,30496.704928779127
UserD,32920.239161050704
