s_names,values
UserA,965.150161295495
UserB,1186.0956239122474
UserC,1287.224468912108
UserD,1509.5177715693512
