s_names,values
UserA,8620.000003688956
UserB,11870.0
UserC,13120.0
UserD,14369.999999998912
