s_names,values
UserA,7294.765989475341
UserB,8025.016004387155
UserC,8755.266
UserD,11711.318000000001
