s_names,values
UserA,1567.4166620008373
UserB,1860.1978419257791
UserC,2379.523442089084
UserD,2911.870958702134
