s_names,values
UserA,9541.782807940868
UserB,28388.867109144634
UserC,40487.87576107368
UserD,58672.344357765476
