s_names,values
UserA,1437.8537945175697
UserB,2449.4393818918606
UserC,3173.5972933242174
UserD,4516.251375561682
