s_names,values
UserA,10944.919704623457
UserB,14420.234035286721
UserC,62423.28817369735
UserD,79571.0877667355
