s_names,values
UserA,5160.0
UserB,6505.0
UserC,4720.000000002028
UserD,5200.000000003458
