s_names,values
UserA,11820.0
UserB,15730.0
UserC,14370.00000000553
UserD,16620.000000007265
