s_names,values
UserA,789.7058601471338
UserB,1029.1251688533744
UserC,1590.7679443779807
UserD,1852.8521254472535
