s_names,values
UserA,11192.339004848773
UserB,55087.91600622259
UserC,88020.43171019704
UserD,120813.55120509001
