s_names,values
UserA,836.070374086203
UserB,1491.645910819738
UserC,1968.1099538384149
UserD,2454.0953045118767
