s_names,values
UserA,29811.662571402176
UserB,50341.50706758857
UserC,68958.99762754243
UserD,86493.13300009807
