s_names,values
UserA,2599.999999833096
UserB,2790.0000112506755
UserC,2449.9999990132774
UserD,2930.0000001724065
