s_names,values
UserA,18155.897333836852
UserB,50119.92777112285
UserC,74960.6805265034
UserD,93871.9308579711
