s_names,values
UserA,39188.25561114439
UserB,42412.07506436422
UserC,68485.45074131749
UserD,85861.73936112129
