s_names,values
UserA,1276.7638997851393
UserB,2208.0400001638604
UserC,2931.4791821916774
UserD,3475.2782954963895
