s_names,values
UserA,1942.6008307845996
UserB,1728.0953183792822
UserC,2727.60116388962
UserD,3239.322897864514
