s_names,values
UserA,1565.9157516264097
UserB,2232.5040585152365
UserC,2754.738495309445
UserD,3275.5059430814763
