s_names,values
UserA,7259.9999995828
UserB,8660.000048663253
UserC,9149.99999785601
UserD,11500.0
