s_names,values
UserA,1204.9999989060514
UserB,1445.0
UserC,1680.000000032354
UserD,1919.9999999985441
