s_names,values
UserA,33295.587567983515
UserB,55713.972585689786
UserC,76252.1997216087
UserD,96233.966300617
