s_names,values
UserA,1645.0501667768744
UserB,2346.5315786068513
UserC,2913.611734116827
UserD,3522.453005815757
