s_names,values
UserA,1204.9999884461365
UserB,1445.0
UserC,1679.9999994981094
UserD,1920.0000000350024
