s_names,values
UserA,1361.5892459406357
UserB,1767.9173111935602
UserC,2053.1093197989553
UserD,2354.818607580269
