s_names,values
UserA,1205.0
UserB,1445.0000041472304
UserC,1680.0000021845997
UserD,1920.0
