s_names,values
UserA,13921.662774043509
UserB,19390.050761431517
UserC,23401.34761387663
UserD,28053.91087585198
