s_names,values
UserA,454.7369237424916
UserB,549.7678678312965
UserC,648.1287374014979
UserD,718.3316151585515
