s_names,values
UserA,10649.919983047866
UserB,13885.234031645829
UserC,46243.86348351411
UserD,62350.21838315929
