s_names,values
UserA,41206.57928536292
UserB,25287.289259385103
UserC,39110.734970881036
UserD,47489.95001452655
