s_names,values
UserA,19305.698696635678
UserB,30320.15988810708
UserC,39592.60144577546
UserD,47987.18969596619
