s_names,values
UserA,12984.529247870823
UserB,30043.39285744807
UserC,39099.06276537036
UserD,48189.52389071896
