s_names,values
UserA,2560.0000015370183
UserB,1980.0
UserC,2450.000000171432
UserD,2930.0
