s_names,values
UserA,1790.0000081160547
UserB,1980.0000010618353
UserC,2450.0000001556473
UserD,2930.0
