s_names,values
UserA,1500.000003595134
UserB,1980.0000000025204
UserC,2450.000009331614
UserD,2929.99999999776
