s_names,values
UserA,1214.9268844621472
UserB,1804.5102728846434
UserC,2025.2864535882302
UserD,2348.471964090511
