s_names,values
UserA,5500.0000221346945
UserB,7000.00000854758
UserC,9150.0
UserD,11500.0
