s_names,values
UserA,1367.611212400415
UserB,1812.487851999986
UserC,2068.3674430134797
UserD,2344.4885340766973
