s_names,values
UserA,4350.000024284597
UserB,6600.000000006301
UserC,8850.0
UserD,11199.999999980397
