s_names,values
UserA,19101.409319342834
UserB,16843.56613483522
UserC,25005.758692624673
UserD,29971.968112533334
