s_names,values
UserA,1205.0000913378965
UserB,1445.0000019573556
UserC,1680.0
UserD,2330.0
