s_names,values
UserA,1205.0000913378965
UserB,1445.0000019573558
UserC,1679.9999999999998
UserD,2330.0
