s_names,values
UserA,3100.0000926447024
UserB,4350.000010830326
UserC,5599.999999999999
UserD,7000.0
