s_names,values
UserA,1546.946203600299
UserB,2240.7818748386067
UserC,2750.998344448752
UserD,3241.697950454226
