s_names,values
UserA,4865.0000012761975
UserB,5970.0
UserC,5170.000005004568
UserD,4600.0
