s_names,values
UserA,6249.734004643366
UserB,8012.126
UserC,7762.126018074406
UserD,7318.134
