s_names,values
UserA,29874.141347378525
UserB,50108.416037532435
UserC,68799.71554724433
UserD,86731.16709607735
