s_names,values
UserA,1567.4166417334711
UserB,2217.069781994874
UserC,2740.6653840152067
UserD,3283.214910393615
