s_names,values
UserA,3770.0
UserB,5710.000000937391
UserC,5370.000002663837
UserD,6660.0
