s_names,values
UserA,21043.71596443861
UserB,37201.071003631536
UserC,60332.823175118196
UserD,73825.48136516799
