s_names,values
UserA,9870.0
UserB,15880.00000255652
UserC,16370.00000726501
UserD,20380.0
