s_names,values
UserA,1079.0092593753652
UserB,1211.1147892397548
UserC,1688.4936731072971
UserD,1755.5706471985386
