s_names,values
UserA,19403.485415156145
UserB,30349.610676772438
UserC,39589.1618105996
UserD,48533.47507246295
