s_names,values
UserA,1500.0
UserB,1979.9999996256743
UserC,2449.999999997082
UserD,2929.9999986233843
