s_names,values
UserA,4350.0
UserB,6599.99999919043
UserC,8849.99999999204
UserD,11199.999994657175
