s_names,values
UserA,1354.5761203510187
UserB,1798.8861038972389
UserC,2060.071355569582
UserD,2366.769637291265
