s_names,values
UserA,19101.41017909303
UserB,29384.223167355387
UserC,38719.40333985438
UserD,47299.70570144038
