s_names,values
UserA,46119.481340816346
UserB,87967.70618009017
UserC,135704.74285067263
UserD,181910.3539782648
