s_names,values
UserA,9420.000002080025
UserB,12180.000044185206
UserC,13180.0
UserD,14180.000003436651
