s_names,values
UserA,1064.8740486127208
UserB,1469.9989729225308
UserC,1759.636481829316
UserD,2042.6089727084163
