s_names,values
UserA,33590.587652701295
UserB,56248.9725886361
UserC,77022.20050341112
UserD,97243.96639715825
