s_names,values
UserA,1302.933248498784
UserB,1699.1536461534527
UserC,1935.2347298200011
UserD,2244.50115017295
