s_names,values
UserA,13037.417695964976
UserB,20109.94909410932
UserC,40184.528804120186
UserD,27432.843561167672
