s_names,values
UserA,5000.0
UserB,8799.999999999998
UserC,9650.0
UserD,12799.999999713107
