s_names,values
UserA,1219.3675592119369
UserB,1705.5372831414404
UserC,2100.758248107082
UserD,2240.6249816092527
