s_names,values
UserA,13248.4149164713
UserB,24221.976486228443
UserC,32989.41214474148
UserD,36714.9277828376
