s_names,values
UserA,8438.240511477376
UserB,14785.222114516819
UserC,20698.74512336333
UserD,28984.860232555744
