s_names,values
UserA,794.9488618710096
UserB,964.2923331652024
UserC,1131.1460892342513
UserD,1405.5494779861713
