s_names,values
UserA,7762.126002860446
UserB,10542.918000000001
UserC,12155.310000000001
UserD,12739.509999999787
