s_names,values
UserA,1146.3801742087846
UserB,1495.7868262760971
UserC,1736.7059188283265
UserD,1838.7482746778971
