s_names,values
UserA,19108.484542262155
UserB,29814.611213868382
UserC,38819.16242248273
UserD,47523.47473476424
