s_names,values
UserA,18443.195356616365
UserB,27921.524179775835
UserC,36371.09842267363
UserD,44179.27993992603
