s_names,values
UserA,1205.0
UserB,1445.0
UserC,1679.9999999999986
UserD,1920.0000000010796
