s_names,values
UserA,28741.040658799768
UserB,47239.4623031171
UserC,64381.51951204557
UserD,81460.43124231073
