s_names,values
UserA,1542.4543100623648
UserB,2137.6358831490957
UserC,2611.3278725557457
UserD,3147.8644275274996
