s_names,values
UserA,13694.4689874349
UserB,18952.208390602747
UserC,23748.131437909964
UserD,28509.861156565687
