s_names,values
UserA,514.5696144090018
UserB,593.7401002697833
UserC,649.8295527257036
UserD,704.4163397324247
