s_names,values
UserA,1002.374045331443
UserB,1407.8615695647543
UserC,2053.109317553546
UserD,2354.818610099988
