s_names,values
UserA,6760.0
UserB,8909.999996434128
UserC,8850.0
UserD,11199.999999948954
