s_names,values
UserA,19396.409825917985
UserB,29919.22286837148
UserC,39489.403069570864
UserD,48309.70578629566
