s_names,values
UserA,1500.000001306264
UserB,1980.0000003465811
UserC,2449.999999792726
UserD,2929.9999999998945
