s_names,values
UserA,19396.409807611784
UserB,16424.409030295177
UserC,39489.4029529822
UserD,48309.70585253401
