s_names,values
UserA,4350.000009475635
UserB,6600.0
UserC,8849.999998704538
UserD,11199.999999999342
