s_names,values
UserA,1361.5892421157046
UserB,1407.8615722312782
UserC,2053.1093140246235
UserD,2354.818609749631
