s_names,values
UserA,1361.5892403929688
UserB,1767.9173179715954
UserC,2053.1093121460367
UserD,2354.818611616199
