s_names,values
UserA,4350.000000000549
UserB,10119.999999737734
UserC,8849.99999994243
UserD,11199.99999089718
