s_names,values
UserA,7757.462811295491
UserB,9927.61701567953
UserC,25706.931748736806
UserD,33880.10915858706
