s_names,values
UserA,777.2058440730252
UserB,1016.6251687026413
UserC,1401.6637705653948
UserD,1656.8161957239668
