s_names,values
UserA,29874.14104198013
UserB,50108.416046688406
UserC,68799.7148234411
UserD,86731.16717185154
