s_names,values
UserA,29874.14095777554
UserB,50108.41587137952
UserC,68799.7154223371
UserD,86731.16711127166
