s_names,values
UserA,1499.9999991770437
UserB,1980.0000005873435
UserC,2450.0000000005703
UserD,2930.000000000515
