s_names,values
UserA,4349.999998211848
UserB,6600.00000940631
UserC,8850.000000003565
UserD,11200.00000000322
