s_names,values
UserA,4350.000014040838
UserB,6600.0
UserC,8849.999971240239
UserD,11200.0
