s_names,values
UserA,1555.0
UserB,1979.9999995097614
UserC,2450.0000082557044
UserD,2929.99999999601
