s_names,values
UserA,19198.71292091918
UserB,30349.611222728647
UserC,39589.162411364465
UserD,48533.475257785925
