s_names,values
UserA,1347.38201936613
UserB,1798.886109729596
UserC,2060.0713656928137
UserD,2366.769638753105
