s_names,values
UserA,22890.506596685736
UserB,37241.24314285856
UserC,47210.26888649186
UserD,57629.88919075994
