s_names,values
UserA,567.7705589322331
UserB,694.8444812114792
UserC,798.2722652537133
UserD,990.5371785734656
