s_names,values
UserA,7757.459967733851
UserB,9927.617043655198
UserC,25706.93169179453
UserD,37961.71398746196
