s_names,values
UserA,777.2058674950654
UserB,1016.6251688426739
UserC,1401.6637704003842
UserD,1795.0407826839153
