s_names,values
UserA,30812.452722039787
UserB,52314.10758462243
UserC,72414.8220322958
UserD,91567.97552722871
