s_names,values
UserA,1601.571796763952
UserB,2292.9701010278313
UserC,2862.105894872565
UserD,3445.135587147969
