s_names,values
UserA,1204.9999978669425
UserB,1445.000001210956
UserC,1680.0
UserD,1919.9999995499572
