s_names,values
UserA,36300.47541421047
UserB,63180.66740411945
UserC,87293.72955231836
UserD,110610.26455792923
