s_names,values
UserA,1728.5696672501513
UserB,2570.438533856789
UserC,3239.939009976193
UserD,3939.017060299073
