s_names,values
UserA,1774.9885965236629
UserB,2673.5917100770757
UserC,3404.9840974114827
UserD,4159.077179980039
