s_names,values
UserA,717.9378857659402
UserB,593.7400992498605
UserC,849.5165969641996
UserD,967.3953487496302
