s_names,values
UserA,3099.9999966329965
UserB,6150.0
UserC,5899.999999998913
UserD,7000.0
