s_names,values
UserA,17072.306678745466
UserB,24025.992553450065
UserC,37117.08303210599
UserD,54776.6759258212
