s_names,values
UserA,19807.929599489227
UserB,38478.52264183963
UserC,55723.95667444982
UserD,68327.41777471609
