s_names,values
UserA,3770.000000004642
UserB,4900.000001970556
UserC,5370.000008028668
UserD,6660.0
