s_names,values
UserA,8025.016037740294
UserB,13761.860002314252
UserC,15958.452068281134
UserD,17126.852014891978
