s_names,values
UserA,9870.00000001266
UserB,14120.000015112531
UserC,16370.000083314731
UserD,20380.0
