s_names,values
UserA,1335.4330744254055
UserB,1859.7696171052512
UserC,2386.903710635085
UserD,2737.6719705330797
