s_names,values
UserA,452.0696158653705
UserB,531.2791732793231
UserC,633.8789161317256
UserD,1068.925927183721
