s_names,values
UserA,22890.506611883848
UserB,35451.18924821226
UserC,47210.26943111305
UserD,57629.89363423398
