s_names,values
UserA,567.7705590977948
UserB,745.9738981703133
UserC,798.2722746079465
UserD,958.986438894503
