s_names,values
UserA,19101.41017661997
UserB,18952.208296217592
UserC,28109.98343918132
UserD,36107.48750122319
