s_names,values
UserA,717.9378857740259
UserB,593.7400987641765
UserC,849.5165968260927
UserD,967.3953471563696
