s_names,values
UserA,28630.29300074601
UserB,47418.34554191829
UserC,62492.214400220866
UserD,78693.551699247
