s_names,values
UserA,567.3274701719965
UserB,1022.5774500744835
UserC,906.5203011693551
UserD,1008.845528623689
