s_names,values
UserA,13694.469072306574
UserB,18952.208304539185
UserC,23748.13177758472
UserD,28509.86105508093
