s_names,values
UserA,10803.053219110143
UserB,20030.180480783703
UserC,32353.60846592807
UserD,43482.06973274307
