s_names,values
UserA,13479.551996698669
UserB,18306.936028339187
UserC,21671.927999999996
UserD,30114.304015614223
