s_names,values
UserA,789.1464780421289
UserB,1436.1593205138254
UserC,2231.960535072044
UserD,2377.721171956221
