s_names,values
UserA,3099.9999999999513
UserB,4350.0
UserC,5600.000001444769
UserD,6999.999955255373
