s_names,values
UserA,3770.000000409886
UserB,4900.00000314322
UserC,4719.9999999929905
UserD,5850.000002814677
