s_names,values
UserA,27679.788770332736
UserB,54713.12135047292
UserC,78633.90496895925
UserD,102479.922192586
