s_names,values
UserA,1620.493125004378
UserB,2411.9253743663967
UserC,3155.518032089409
UserD,3829.8624336220337
