s_names,values
UserA,9870.000002758714
UserB,14120.000024294748
UserC,14369.999999988457
UserD,18620.00002077037
