s_names,values
UserA,36681.088734153294
UserB,63394.00763503894
UserC,88406.69278470892
UserD,111373.75823937434
