s_names,values
UserA,1499.9999992639032
UserB,1979.9999887585495
UserC,2450.0
UserD,2929.9999951408095
