s_names,values
UserA,1204.9999996863512
UserB,1445.0
UserC,1680.000009398263
UserD,1919.999999610526
