s_names,values
UserA,19101.409747151094
UserB,29384.22378527955
UserC,38719.40284553287
UserD,47299.70579619325
