s_names,values
UserA,34289.10085791983
UserB,58710.94642725668
UserC,80142.17581970771
UserD,101074.85907276055
