s_names,values
UserA,3100.0
UserB,4350.000019399011
UserC,5600.000010345198
UserD,6950.0
