s_names,values
UserA,21894.631870255602
UserB,38874.453278851215
UserC,59110.738790981464
UserD,78976.58091844674
