s_names,values
UserA,1186.699458015183
UserB,1745.6299379830523
UserC,2317.6266956189584
UserD,2893.3710846852746
