s_names,values
UserA,1728.5696672985862
UserB,2570.4385304469483
UserC,3239.939009011032
UserD,3939.017061698944
