s_names,values
UserA,3100.0
UserB,4350.0000182491785
UserC,5600.000006137734
UserD,6949.9999981719775
