s_names,values
UserA,22950.50664302212
UserB,35575.84639961812
UserC,47210.26935800824
UserD,57717.44924311538
