s_names,values
UserA,492.77063008221774
UserB,673.937309525634
UserC,798.2722738121241
UserD,912.8852281939429
