s_names,values
UserA,3769.9999903060834
UserB,4900.0
UserC,5369.999999999876
UserD,6660.0
