s_names,values
UserA,19807.929456339778
UserB,38478.522778234576
UserC,55723.9566549166
UserD,68327.41781125804
