s_names,values
UserA,17072.30791206405
UserB,32752.19442874771
UserC,51497.51542896162
UserD,69857.62865596548
