s_names,values
UserA,1055.4011729678239
UserB,1336.538837929093
UserC,1595.8234750736763
UserD,1702.115246112823
