s_names,values
UserA,9869.999973544403
UserB,14120.0
UserC,16369.999999998912
UserD,20380.0
