s_names,values
UserA,1204.9999816952316
UserB,1445.0000037382565
UserC,1680.0000014011616
UserD,1919.9999999981715
