s_names,values
UserA,29579.141749077462
UserB,49573.41578713311
UserC,68029.71558687817
UserD,85721.16710638633
