s_names,values
UserA,1567.4166562470218
UserB,2217.0697763927974
UserC,2740.6653842844853
UserD,3283.214911091013
