s_names,values
UserA,1500.0000052119249
UserB,1979.9999820960254
UserC,2449.9999869076696
UserD,2929.9999855905144
