s_names,values
UserA,1567.4166419814155
UserB,2217.0697810169586
UserC,2740.665379565698
UserD,3283.2149105340386
