s_names,values
UserA,1204.9999951288448
UserB,1445.0000000005919
UserC,3710.0
UserD,3950.0
