s_names,values
UserA,29579.14175800903
UserB,49573.415912713695
UserC,55977.37053819795
UserD,73505.63490096993
