s_names,values
UserA,3099.9999871254886
UserB,4350.000000001614
UserC,8800.0
UserD,9900.0
