s_names,values
UserA,36300.47532970521
UserB,63180.66734551631
UserC,87293.72967838442
UserD,110610.26455353567
