s_names,values
UserA,1205.0
UserB,1445.0000026863129
UserC,1680.0000009801265
UserD,1920.0
