s_names,values
UserA,4934.9999961409585
UserB,5174.999982226933
UserC,5410.0
UserD,7520.0000000161435
