s_names,values
UserA,697.3269704733854
UserB,1005.7586960603973
UserC,1166.3698545532347
UserD,1065.8796096016035
