s_names,values
UserA,13317.162118297545
UserB,24247.12773022931
UserC,33467.39041370866
UserD,41933.206219350504
