s_names,values
UserA,8620.000001593698
UserB,11869.999999998912
UserC,13120.0
UserD,14369.999999998912
