s_names,values
UserA,966.3194113709785
UserB,1193.31383105682
UserC,1358.9880193813872
UserD,1547.7396603634415
