s_names,values
UserA,22890.50660659167
UserB,30996.043052728914
UserC,38299.9785894931
UserD,48719.597227122315
