s_names,values
UserA,2889.9999989617127
UserB,4340.000287148076
UserC,7660.0
UserD,8300.000696885942
