s_names,values
UserA,1496.160829152006
UserB,2017.4534666018155
UserC,2294.210224516646
UserD,2866.0734088463037
