s_names,values
UserA,13754.46903653404
UserB,19012.698326137688
UserC,23381.828507648373
UserD,27794.10265884699
