s_names,values
UserA,452.06968527676537
UserB,543.7479717182966
UserC,703.8778020492239
UserD,727.0651318959564
