s_names,values
UserA,28497.90182348148
UserB,47418.345522576885
UserC,69668.4289277117
UserD,92181.96706175915
