s_names,values
UserA,1349.7511895680254
UserB,2119.2379706817833
UserC,2925.525766023031
UserD,3643.8599507243644
