s_names,values
UserA,28497.9018314574
UserB,63715.667447786385
UserC,69668.42896436318
UserD,92181.96684039381
