s_names,values
UserA,524.8269430478676
UserB,1156.1254471816928
UserC,1164.9149242525482
UserD,1433.2904443105824
