s_names,values
UserA,21043.716212953233
UserB,37201.07108074177
UserC,60332.82304827681
UserD,73825.48130931106
