s_names,values
UserA,3770.0
UserB,5709.999999999851
UserC,5370.0
UserD,6659.999998930555
