s_names,values
UserA,1381.266272203584
UserB,1781.5939202798163
UserC,2548.439288807438
UserD,2883.814382842046
