s_names,values
UserA,9870.0
UserB,15879.999999999593
UserC,16370.0
UserD,20379.99999708333
