s_names,values
UserA,-21136419.517287906
UserB,-21129148.484862596
UserC,-21124676.244377088
UserD,-21119897.483019155
