s_names,values
UserA,1499.9999999970387
UserB,1979.9999990042297
UserC,2450.0000000002724
UserD,2930.0000000000787
