s_names,values
UserA,36595.47531079799
UserB,63715.66739308445
UserC,88063.7295607376
UserD,111620.26462767457
