s_names,values
UserA,36595.47529834708
UserB,63715.66744349911
UserC,88063.72946378318
UserD,111620.26453920394
