s_names,values
UserA,1499.9999999970387
UserB,1979.9999990042295
UserC,2450.000000000273
UserD,2930.0000000000787
