s_names,values
UserA,1500.0000123957211
UserB,1980.0000103401392
UserC,2450.000009716684
UserD,2929.9999959883617
