s_names,values
UserA,4350.000033267925
UserB,6600.000032637929
UserC,8850.000037257727
UserD,11199.999999992855
