s_names,values
UserA,4349.999999999984
UserB,6599.999999999999
UserC,8850.0
UserD,11200.0
