s_names,values
UserA,1728.5696628656137
UserB,2570.4385314608357
UserC,3239.9390057614482
UserD,3939.0170612319253
