s_names,values
UserA,1728.5696657620624
UserB,2570.4385355185655
UserC,3239.9390053850434
UserD,3939.0170612620454
