s_names,values
UserA,26502.86728713074
UserB,42443.63124942872
UserC,55788.69011836446
UserD,70052.06083256075
