s_names,values
UserA,3010.0
UserB,3490.000002973064
UserC,6200.0
UserD,9050.000001707687
