s_names,values
UserA,1723.5791921097891
UserB,2565.0471182874
UserC,2912.871776884035
UserD,3502.5612821403147
