s_names,values
UserA,6650.0
UserB,8650.000022674401
UserC,14100.0
UserD,19200.000010877244
