s_names,values
UserA,19396.40973682876
UserB,29919.223392924672
UserC,39489.40206389681
UserD,48309.70576965074
