s_names,values
UserA,1499.9999999915096
UserB,1979.9999981965511
UserC,2450.0
UserD,2929.999999768916
