s_names,values
UserA,1500.000000076161
UserB,1979.9999775431027
UserC,2450.000010089954
UserD,2930.000001649883
