s_names,values
UserA,1500.000000076161
UserB,1979.9999775431024
UserC,2450.0000100899542
UserD,2930.000001649883
