s_names,values
UserA,19396.40976484916
UserB,29919.22328301577
UserC,39489.40289542274
UserD,48309.70602834054
