s_names,values
UserA,1361.5892405436493
UserB,1767.9173259451832
UserC,2053.1093132597057
UserD,2354.8186126773403
