s_names,values
UserA,4350.0
UserB,6600.0
UserC,8850.000008722174
UserD,11200.000005174943
