s_names,values
UserA,25002.240753881197
UserB,51632.06753648768
UserC,75766.27830860506
UserD,93660.17676002263
