s_names,values
UserA,5565.534000000001
UserB,6149.734003341763
UserC,6733.934000000001
UserD,8346.326000000001
