s_names,values
UserA,28741.039411608726
UserB,47239.46218306416
UserC,47149.95406239435
UserD,62763.54842239186
