s_names,values
UserA,787.3957552765198
UserB,988.6119723680073
UserC,958.8797652228908
UserD,1152.6807314370144
