s_names,values
UserA,29874.141856607686
UserB,50108.41547183454
UserC,68799.71540669097
UserD,86731.16724503507
