s_names,values
UserA,1500.000000133596
UserB,1980.0001222741544
UserC,2450.000001390098
UserD,2929.999999998538
