s_names,values
UserA,4350.000000102405
UserB,6600.000288389668
UserC,8850.000003343952
UserD,11199.999999998652
