s_names,values
UserA,1265.1596456963127
UserB,1646.5906186541413
UserC,1880.7197583338173
UserD,2154.971169090916
