s_names,values
UserA,5230.0000090429985
UserB,9490.000000498732
UserC,10770.0
UserD,11250.000000125272
