s_names,values
UserA,23517.317317357367
UserB,38411.036489603386
UserC,57613.125655694326
UserD,81324.79431888701
