s_names,values
UserA,1314.4098482352015
UserB,1617.6323415566783
UserC,2255.5414733035745
UserD,2877.2696691936876
