s_names,values
UserA,22504.323779249866
UserB,34168.6334091083
UserC,44993.49229766114
UserD,55235.60773404584
