s_names,values
UserA,487.9124785569038
UserB,681.9739109218718
UserC,722.9444511973163
UserD,921.2405030636298
