s_names,values
UserA,1361.5892401151848
UserB,1767.9173313004148
UserC,2053.1092935868164
UserD,2354.818612154156
