s_names,values
UserA,19649.922155456246
UserB,30603.13976406376
UserC,40676.32327533831
UserD,49900.06083145536
