s_names,values
UserA,1728.5696698997392
UserB,2570.438539032647
UserC,3239.9390117374196
UserD,3939.0170625933342
