s_names,values
UserA,3770.00000613491
UserB,4900.000000000604
UserC,5370.00000000336
UserD,5850.0
