s_names,values
UserA,13612.161814342788
UserB,24782.127702126996
UserC,34237.390599984086
UserD,42943.205961223524
