s_names,values
UserA,9870.000038204864
UserB,14120.000000003773
UserC,16370.000000008396
UserD,18620.0
