s_names,values
UserA,1149.5109536754135
UserB,1504.3484124951524
UserC,1810.152477307317
UserD,2122.8468007170104
