s_names,values
UserA,1178.3976945686527
UserB,1456.8826958996285
UserC,1601.9448594861906
UserD,1779.711459231671
