s_names,values
UserA,27333.673523672194
UserB,36609.59817475022
UserC,51970.23754649682
UserD,83833.62970167838
