s_names,values
UserA,3769.9999871913583
UserB,8840.0
UserC,10119.99999998933
UserD,9790.0
