s_names,values
UserA,5009.99996506734
UserB,10800.0
UserC,12679.999999973325
UserD,12800.0
