s_names,values
UserA,1356.7230536167785
UserB,1580.688965169382
UserC,2007.0366342711402
UserD,2887.1942944435095
