s_names,values
UserA,29124.28055192125
UserB,49858.0508050464
UserC,68039.4503891595
UserD,83046.0532318826
