s_names,values
UserA,1500.0000000031055
UserB,4234.999999896071
UserC,2449.9999999770907
UserD,2929.9999943475395
