s_names,values
UserA,2654.9995465129205
UserB,2950.0
UserC,3290.0
UserD,4569.9998861886
