s_names,values
UserA,13754.468611551383
UserB,19012.698345310637
UserC,23636.760530174222
UserD,27794.10371463075
