s_names,values
UserA,2924.949638735702
UserB,3709.15
UserC,4677.55
UserD,6088.049595685002
