s_names,values
UserA,452.06968573149584
UserB,543.7479720241624
UserC,653.4238374434259
UserD,714.4643183064161
