s_names,values
UserA,1205.0000796950146
UserB,1445.0000000370428
UserC,1680.0000008812365
UserD,1920.0
