s_names,values
UserA,2362.8421904548113
UserB,-715.1799207326258
UserC,978.0299053810195
UserD,15420.543697506526
