s_names,values
UserA,9474.518
UserB,15630.094000000001
UserC,17968.786
UserD,18160.886000000002
