s_names,values
UserA,4350.00000006556
UserB,11050.000002663082
UserC,10300.000003890073
UserD,12650.000019780042
