s_names,values
UserA,3099.999999318491
UserB,4350.0
UserC,5600.000099803341
UserD,6949.999999153735
