s_names,values
UserA,807.7833892406995
UserB,1781.4214123427923
UserC,1251.6706007286566
UserD,2402.5956934691885
