s_names,values
UserA,33590.58777619055
UserB,56248.97268883378
UserC,77022.20033922009
UserD,97243.96641208883
