s_names,values
UserA,1645.0501723144087
UserB,2346.531579420128
UserC,2913.6117432861406
UserD,3522.4530069624907
