s_names,values
UserA,22890.506617820432
UserB,35520.8578356386
UserC,47291.48222745784
UserD,57717.44923186437
