s_names,values
UserA,492.77055916243376
UserB,697.9120491930616
UserC,747.9588322758842
UserD,950.9655961490643
