s_names,values
UserA,-3525.881125925225
UserB,7314.087544086899
UserC,19747.561874351435
UserD,19772.84548750631
