s_names,values
UserA,9016.81454369349
UserB,25913.311731243077
UserC,37062.250539291636
UserD,53641.31839999262
