s_names,values
UserA,9699.999998789512
UserB,12670.000006325245
UserC,14600.0
UserD,21010.000003621954
