s_names,values
UserA,1371.601226844449
UserB,2304.9949603159375
UserC,3169.1035187996017
UserD,4022.585313510105
