s_names,values
UserA,1871.12579
UserB,2362.4154300000005
UserC,3065.63953
UserD,3918.8636300000003
