s_names,values
UserA,9388.194220045643
UserB,41151.49358794888
UserC,46290.232355557775
UserD,63884.41462459459
