s_names,values
UserA,8058.176
UserB,7142.8740074540365
UserC,11565.268
UserD,12733.667999267574
