s_names,values
UserA,882.7833900968276
UserB,1781.4214137216688
UserC,1919.088356261223
UserD,2402.5956713446267
