s_names,values
UserA,21043.715072850035
UserB,37201.07109138414
UserC,59682.82306290896
UserD,73825.48077696402
