s_names,values
UserA,3770.0000001426074
UserB,5710.0
UserC,4719.999965142591
UserD,6660.0
