s_names,values
UserA,1381.2662421130913
UserB,1781.593920645119
UserC,2548.4392915808407
UserD,2883.814368968963
