s_names,values
UserA,21305.123138383555
UserB,36916.30772644605
UserC,49691.678820678964
UserD,68702.97553444229
