s_names,values
UserA,1853.1430641712443
UserB,2894.0698411331477
UserC,3996.3206071041545
UserD,4998.857032190629
