s_names,values
UserA,28286.885438724155
UserB,47418.345535963446
UserC,69668.42894504276
UserD,92181.9670488478
