s_names,values
UserA,695.8392936780049
UserB,924.7150913439289
UserC,1164.9149240629026
UserD,1433.2904463574525
