s_names,values
UserA,3100.0000937845584
UserB,4350.0
UserC,5600.000005498338
UserD,6950.0
