s_names,values
UserA,1354.5761037195277
UserB,1798.8861101181703
UserC,2060.071366152859
UserD,2366.76963443271
