s_names,values
UserA,19101.409797116597
UserB,29384.22378527955
UserC,38719.402986971225
UserD,47299.70576290831
