s_names,values
UserA,1361.589236545359
UserB,1767.9173313004148
UserC,2053.1093158266153
UserD,2354.8186111672394
