s_names,values
UserA,3100.0000172561035
UserB,4350.0
UserC,5599.999998909472
UserD,6950.000000076054
