s_names,values
UserA,13754.46900203304
UserB,19012.698337670095
UserC,23636.76047121147
UserD,27794.102650664678
