s_names,values
UserA,452.06968472637163
UserB,543.7479719022729
UserC,653.4238365027942
UserD,714.4645764285485
