s_names,values
UserA,22950.50662872811
UserB,35575.84612861268
UserC,47210.26929673855
UserD,57717.44922452696
