s_names,values
UserA,492.77062992658097
UserB,697.5865945176608
UserC,798.2722731450044
UserD,950.9656811265036
