s_names,values
UserA,29579.141620009876
UserB,49573.41609386286
UserC,66578.66036077659
UserD,83964.08768734771
