s_names,values
UserA,1205.0000023980556
UserB,1445.0
UserC,2090.0000007926355
UserD,2329.9999998741605
