s_names,values
UserA,3100.0000102741815
UserB,4350.0
UserC,5400.000004613555
UserD,6499.9999997265695
