s_names,values
UserA,1567.4166543380247
UserB,2217.0697828038756
UserC,2742.431628048552
UserD,3288.918214749873
