s_names,values
UserA,36595.47547574324
UserB,63715.66750136744
UserC,69668.42895545746
UserD,92181.96691527091
