s_names,values
UserA,1500.0
UserB,1980.0000023237494
UserC,3960.0000000000477
UserD,4440.000000000045
