s_names,values
UserA,4350.0
UserB,6600.000008461273
UserC,10650.000000000417
UserD,12750.000000000393
