s_names,values
UserA,863.1105866636315
UserB,1156.1254479040613
UserC,1164.914924165124
UserD,1433.2904450458032
