s_names,values
UserA,22504.32378058482
UserB,34168.63341247202
UserC,44881.45596959801
UserD,55235.607744286055
