s_names,values
UserA,487.9124785714391
UserB,658.5248927965092
UserC,772.9155664314849
UserD,885.0223612176881
