s_names,values
UserA,29874.141767034573
UserB,50108.416098676804
UserC,68799.71555518324
UserD,86731.1670214003
