s_names,values
UserA,1265.1596446376552
UserB,1646.5906523152346
UserC,1880.719759286741
UserD,2154.9711664753404
