s_names,values
UserA,1500.0000000006617
UserB,1980.0000008377679
UserC,2450.0
UserD,2930.0000092865666
