s_names,values
UserA,4350.000000002056
UserB,6600.000011496936
UserC,8850.0
UserD,11200.000008449106
