s_names,values
UserA,1728.5696603339038
UserB,2570.438534742407
UserC,3239.9390117374196
UserD,3939.0170536315
