s_names,values
UserA,12511.388444643904
UserB,60358.601028582816
UserC,96442.59258073877
UserD,131008.20519002202
