s_names,values
UserA,870.2833905615382
UserB,1564.122738912446
UserC,2086.115745401478
UserD,2569.562914191656
