s_names,values
UserA,6739.999999999903
UserB,8030.000000107937
UserC,9960.000000005288
UserD,11249.99999999992
