s_names,values
UserA,17982.978909450176
UserB,34755.80160541009
UserC,49694.81155699043
UserD,64625.22734412862
