s_names,values
UserA,1630.7638047960386
UserB,2888.6527290757886
UserC,3798.1651244313994
UserD,4915.904262542576
