s_names,values
UserA,15929.999999999734
UserB,19690.000000827786
UserC,25450.00000003218
UserD,29210.0
