s_names,values
UserA,13989.469049879583
UserB,19544.65760554278
UserC,24386.277583278756
UserD,29519.861229500028
