s_names,values
UserA,452.06961540556296
UserB,531.2791725484828
UserC,652.6793997412417
UserD,666.9163420305424
