s_names,values
UserA,28497.90178983406
UserB,63715.66735790075
UserC,88063.7295448502
UserD,111620.2644541245
