s_names,values
UserA,3054.999999280175
UserB,1979.999999487245
UserC,2449.999999996734
UserD,2930.0000015702713
