s_names,values
UserA,36595.47547981644
UserB,63715.66746481631
UserC,88063.72919194626
UserD,111620.26453791335
