s_names,values
UserA,1728.5696701731783
UserB,2570.4385347516727
UserC,3239.939003197656
UserD,3939.0170601749264
