s_names,values
UserA,1589.8786447685015
UserB,2570.4385315148074
UserC,3239.939009673957
UserD,3939.017057993768
