s_names,values
UserA,4349.999933460291
UserB,6600.0
UserC,8850.00000246354
UserD,11200.000000022472
