s_names,values
UserA,777.2058662645519
UserB,1016.6251687005251
UserC,1401.6637710256798
UserD,1656.8161981887345
