s_names,values
UserA,19101.410062372583
UserB,29384.224086753777
UserC,38719.40329409881
UserD,47299.70584900714
