s_names,values
UserA,3770.0000000124173
UserB,4250.0
UserC,5370.0000000003
UserD,6660.0
