s_names,values
UserA,24462.68284364584
UserB,46966.415342356275
UserC,67749.775196138
UserD,83858.2351488877
