s_names,values
UserA,1148.612938376153
UserB,1756.498397256358
UserC,1758.59294210011
UserD,1955.539113947284
