s_names,values
UserA,9870.000000014514
UserB,12120.0
UserC,16370.000000002367
UserD,20380.0
