s_names,values
UserA,1204.9999951288448
UserB,1445.000000000592
UserC,3710.0
UserD,3950.0
