s_names,values
UserA,1567.4166595928627
UserB,2217.069781258695
UserC,2363.013605414524
UserD,2894.9771452002497
