s_names,values
UserA,1500.000001793872
UserB,1979.9999999479796
UserC,2449.9999984713086
UserD,3739.9999999927013
