s_names,values
UserA,29874.141156746377
UserB,50108.41564007079
UserC,68799.71545357224
UserD,86731.16698350455
