s_names,values
UserA,1500.0000017938717
UserB,1979.99999994798
UserC,2449.999998471308
UserD,3739.9999999927013
