s_names,values
UserA,1500.000106753049
UserB,1980.0000049933265
UserC,2450.000000000258
UserD,2929.999999314722
