s_names,values
UserA,1500.000106753049
UserB,1980.000004993327
UserC,2450.0000000002574
UserD,2929.999999314722
