s_names,values
UserA,4350.000070216357
UserB,6600.0000136181625
UserC,8850.000000001612
UserD,11199.999998027972
