s_names,values
UserA,1567.4166465225558
UserB,2217.0697718378506
UserC,2740.665383908056
UserD,3283.21490631625
