s_names,values
UserA,4350.000011272012
UserB,6600.000006786473
UserC,8849.999997812487
UserD,12649.999999954382
