s_names,values
UserA,1567.4166545604535
UserB,2217.0697794493017
UserC,2740.6653816088688
UserD,3110.3226165514398
