s_names,values
UserA,4499.999999999999
UserB,6600.000002151375
UserC,8850.000022766875
UserD,11199.999999993097
