s_names,values
UserA,5489.947354579092
UserB,7904.578266577772
UserC,19455.893152094643
UserD,27542.61213392161
