s_names,values
UserA,749.3812196833771
UserB,990.5399761963806
UserC,1045.5983007324805
UserD,1283.0169619441604
