s_names,values
UserA,1729.5113064081643
UserB,2552.379976826729
UserC,3255.230921772969
UserD,3923.7541760135136
