s_names,values
UserA,1500.0000033861886
UserB,1980.0000000163184
UserC,2450.0
UserD,2930.0000002450624
