s_names,values
UserA,19396.409689059034
UserB,29919.22362812802
UserC,39489.40265294055
UserD,48309.70550457668
