s_names,values
UserA,1178.397688785682
UserB,1456.882743230206
UserC,1601.9448532014935
UserD,1779.7114552440444
