s_names,values
UserA,1205.0
UserB,1445.0
UserC,1680.000020538636
UserD,1919.9999999996983
