s_names,values
UserA,19206.05259967436
UserB,29735.959513053564
UserC,38524.60853145762
UserD,47391.020630822146
