s_names,values
UserA,1195.8487202855358
UserB,1492.3498300331112
UserC,1593.023906878302
UserD,1808.4869687434414
