s_names,values
UserA,3100.0
UserB,4350.0
UserC,5600.000056014461
UserD,6949.999999997359
