s_names,values
UserA,37976.62071865595
UserB,66905.43468827677
UserC,93253.35762887301
UserD,118556.43542689392
