s_names,values
UserA,3100.0000026982007
UserB,4350.000010344055
UserC,5600.000002273268
UserD,6950.0
