s_names,values
UserA,5345.000001160001
UserB,7044.999887090838
UserC,8090.0
UserD,8330.0
