s_names,values
UserA,8438.24052963265
UserB,14785.222368119305
UserC,20698.745185406384
UserD,28984.860017605453
