s_names,values
UserA,7762.126004220593
UserB,10542.917911515016
UserC,12155.31
UserD,12739.51
