s_names,values
UserA,794.948863071555
UserB,964.29234491046
UserC,1131.1460918609637
UserD,1405.5494704477453
