s_names,values
UserA,-37499336.14470233
UserB,-37483472.223100096
UserC,-37472317.29510367
UserD,-37457229.680130064
