s_names,values
UserA,1728.5696489431452
UserB,2570.438535923183
UserC,3239.9390081236343
UserD,3592.950790858678
