s_names,values
UserA,3100.0
UserB,4350.00000739817
UserC,5599.999999999999
UserD,6950.000003347784
