s_names,values
UserA,38948.55473972176
UserB,25460.375131499946
UserC,39099.0625288761
UserD,48189.52389071896
