s_names,values
UserA,14467.159830929053
UserB,29812.44897043859
UserC,39742.80078571265
UserD,51639.62569174806
