s_names,values
UserA,1218.2537121082091
UserB,1671.3236616940192
UserC,2333.354462536331
UserD,2835.8527943968816
