s_names,values
UserA,6619.9999999989495
UserB,7965.000001007825
UserC,8500.000003207046
UserD,10440.0
