s_names,values
UserA,5722.806482192784
UserB,7978.7226478237
UserC,23753.381355523343
UserD,27716.375187173726
