s_names,values
UserA,855.7465139667918
UserB,1465.9592816951424
UserC,2156.0770855891565
UserD,2259.3823137380004
