s_names,values
UserA,15279.999999996784
UserB,19190.000007729184
UserC,21690.000019518862
UserD,27450.0
