s_names,values
UserA,3100.000066719269
UserB,4350.0
UserC,5600.000024477838
UserD,6950.000003402382
