s_names,values
UserA,9093.19376230326
UserB,32646.80060665444
UserC,50806.29620466385
UserD,68209.10226890382
