s_names,values
UserA,870.2833740186788
UserB,1564.122744507911
UserC,2086.115740601472
UserD,2569.5629018979917
