s_names,values
UserA,7277.9259999999995
UserB,7177.9259999999995
UserC,7762.12602453629
UserD,8346.326000000001
