s_names,values
UserA,1205.000000000139
UserB,2890.0
UserC,2089.999999999876
UserD,2330.0
