s_names,values
UserA,19206.05201256259
UserB,19329.18599125029
UserC,27903.55186955636
UserD,36331.70069023543
