s_names,values
UserA,3100.000000001215
UserB,6150.0
UserC,5899.999999998913
UserD,7000.0
