s_names,values
UserA,720.1700579694616
UserB,599.754016653127
UserC,846.8173335852146
UserD,971.5037692646566
