s_names,values
UserA,9448.194163562272
UserB,17533.076462548677
UserC,24835.914552189646
UserD,30874.730987896906
