s_names,values
UserA,807.7834606781735
UserB,1327.41878439383
UserC,1653.3621617899767
UserD,2073.714670982551
