s_names,values
UserA,9093.194004731016
UserB,32646.80056522444
UserC,50806.29636722677
UserD,68209.10227808871
