s_names,values
UserA,7277.926
UserB,7593.726000000001
UserC,8177.9259999999995
UserD,8762.126
