s_names,values
UserA,870.2833807695333
UserB,1564.122742118545
UserC,2086.115744076752
UserD,2569.562902478774
