s_names,values
UserA,1343.3607387723494
UserB,1727.4095375931124
UserC,1988.0757066453098
UserD,2268.4019845233815
