s_names,values
UserA,3100.0
UserB,4350.0
UserC,5599.999999999996
UserD,6950.000000002508
