s_names,values
UserA,29579.14203565294
UserB,49573.41611921303
UserC,68029.71568764072
UserD,85721.16727891778
