s_names,values
UserA,39904.26363311663
UserB,72813.90651114647
UserC,113051.47759993504
UserD,152543.16180803682
