s_names,values
UserA,1186.6994553457562
UserB,1745.6299359777872
UserC,2317.6266960314433
UserD,2893.371085034668
