s_names,values
UserA,2310.0001617743465
UserB,4249.999999999467
UserC,4720.0
UserD,5200.0
