s_names,values
UserA,25418.995720035746
UserB,41151.493319529225
UserC,59803.1993316722
UserD,77697.21082130613
