s_names,values
UserA,1117.989381389667
UserB,1210.9422825017318
UserC,1444.2454373341884
UserD,1665.7905428024656
