s_names,values
UserA,3631.832095501086
UserB,7142.873999998444
UserC,8457.324
UserD,9771.774
