s_names,values
UserA,17072.307664903572
UserB,32752.194029490096
UserC,51497.51517173066
UserD,69857.62904122962
