s_names,values
UserA,5230.0
UserB,6519.999998919753
UserC,6989.999999999738
UserD,8120.000001116498
