s_names,values
UserA,8025.0160000000005
UserB,10367.657997053871
UserC,11682.107999999185
UserD,14164.958003044996
