s_names,values
UserA,818.9207882305021
UserB,1091.1001913871132
UserC,1370.8634375626766
UserD,1473.8929728986518
