s_names,values
UserA,1500.0
UserB,1980.0000010740164
UserC,2450.0
UserD,2930.000000012501
