s_names,values
UserA,28741.04031324588
UserB,47239.46230563606
UserC,64381.51956278781
UserD,81460.43119348386
