s_names,values
UserA,1262.422405493772
UserB,1614.4050983662428
UserC,1820.247619451685
UserD,2112.3076997109147
