s_names,values
UserA,4350.0
UserB,6600.000002929136
UserC,8850.0
UserD,11200.000000007496
