s_names,values
UserA,28570.29539984288
UserB,48029.03924250618
UserC,62534.29866575351
UserD,78708.14545431764
