s_names,values
UserA,595.9554459931496
UserB,715.7813059655242
UserC,934.080046441538
UserD,1009.8029245219179
