s_names,values
UserA,4189.397463372595
UserB,6826.200000000001
UserC,8428.8
UserD,11765.6
