s_names,values
UserA,21043.714035563826
UserB,37201.07096013318
UserC,59682.82336147929
UserD,73825.48165327302
