s_names,values
UserA,3770.0
UserB,5710.000000000463
UserC,4720.000000000057
UserD,6660.000002640199
