s_names,values
UserA,9870.0
UserB,15880.000000004047
UserC,14370.000000000597
UserD,20380.00001246049
