s_names,values
UserA,1079.0092373104735
UserB,1211.114788827622
UserC,1688.4936749979718
UserD,1755.5706488536891
