s_names,values
UserA,19206.05139220188
UserB,29735.958981399686
UserC,38524.608760305346
UserD,47391.02041693737
