s_names,values
UserA,1205.0
UserB,1445.0000000033115
UserC,1680.000000014389
UserD,1919.9999999566426
