s_names,values
UserA,1377.0787221057572
UserB,1802.0410341899506
UserC,2042.5053702673852
UserD,2378.8156958964814
