s_names,values
UserA,3100.0
UserB,4350.000000003979
UserC,5600.0000000196205
UserD,6949.999999905791
