s_names,values
UserA,1361.5892411229884
UserB,1597.5211429311166
UserC,1870.5957639725075
UserD,1968.813169294087
