s_names,values
UserA,3100.0
UserB,5800.0001102857705
UserC,7050.000000933667
UserD,9900.0
