s_names,values
UserA,2555.000000000032
UserB,3660.0
UserC,2900.0
UserD,3139.9998524291095
