s_names,values
UserA,1205.0
UserB,2255.000040438116
UserC,2490.000000147725
UserD,3950.0
