s_names,values
UserA,19101.409796367254
UserB,26316.464135441707
UserC,35651.64328583484
UserD,37476.03490972951
