s_names,values
UserA,29419.28135829835
UserB,50393.05070151717
UserC,68809.45041554837
UserD,86255.5071153509
