s_names,values
UserA,1546.9462189727965
UserB,2240.7818713520564
UserC,2750.9983433738553
UserD,3263.097445370571
