s_names,values
UserA,4350.0
UserB,6600.000022885919
UserC,8849.999992352234
UserD,11199.999997717785
