s_names,values
UserA,4865.0
UserB,5970.0
UserC,5170.000010651995
UserD,5410.000006195291
