s_names,values
UserA,7757.459983103309
UserB,9927.616935491726
UserC,25706.931710196903
UserD,33880.10907931747
