s_names,values
UserA,777.2058690921983
UserB,1016.6251624005224
UserC,1401.6637663489828
UserD,1656.816193866843
