s_names,values
UserA,6249.734
UserB,8012.126
UserC,7762.126037874061
UserD,8346.326016896246
