s_names,values
UserA,10901.360252714687
UserB,7812.575005862183
UserC,22390.325309988497
UserD,30653.262873795527
