s_names,values
UserA,1416.0228422913551
UserB,1381.776252692108
UserC,2200.460468002999
UserD,2534.5599387351026
