s_names,values
UserA,-48032059.90618238
UserB,-48010385.155200645
UserC,-51964259.913164526
UserD,-47974510.91070181
