s_names,values
UserA,-320579.0514650782
UserB,-320276.5287764183
UserC,4000.0
UserD,-319768.3837787419
