s_names,values
UserA,28497.901790687345
UserB,47957.81519852512
UserC,64195.00309748844
UserD,78613.50848959075
