s_names,values
UserA,10803.053232728402
UserB,20030.180474877223
UserC,32353.608451002598
UserD,43482.06971906831
