s_names,values
UserA,9110.000000003252
UserB,13320.000000775246
UserC,18910.000000000025
UserD,22310.0
