s_names,values
UserA,12885.560000011836
UserB,19475.33600347336
UserC,26789.520000000044
UserD,32351.104000000003
