s_names,values
UserA,1349.751189768359
UserB,2119.2379705024787
UserC,2925.525765846609
UserD,3643.8599505670827
