s_names,values
UserA,1205.0000087854805
UserB,1855.0
UserC,2090.0000010618546
UserD,2329.999992921833
