s_names,values
UserA,33590.587750776234
UserB,56248.97266516714
UserC,61292.03201507703
UserD,80523.66464630885
