s_names,values
UserA,829.3876835513577
UserB,1073.2912590014753
UserC,1077.264189968392
UserD,1308.8385491292527
