s_names,values
UserA,10921.70940404111
UserB,16424.40882938684
UserC,21188.27141509864
UserD,26452.10155656505
