s_names,values
UserA,3700.0
UserB,4235.0
UserC,4865.000874050864
UserD,7330.000000895925
