s_names,values
UserA,1002.3740485757287
UserB,1407.8615686370342
UserC,1771.5852339447144
UserD,2005.10897372263
