s_names,values
UserA,1320.6151117927723
UserB,1537.258810114378
UserC,1851.7083004280244
UserD,2151.776951516524
