s_names,values
UserA,3054.999998458625
UserB,5625.0
UserC,6200.001369771743
UserD,9160.000000406091
