s_names,values
UserA,28497.901742836293
UserB,47969.03927814848
UserC,62492.212084662795
UserD,78717.82352196387
