s_names,values
UserA,6449.999996146563
UserB,11250.0
UserC,14100.0
UserD,19400.000002996665
