s_names,values
UserA,1589.8786424455668
UserB,2488.3224433157748
UserC,3259.392559808613
UserD,3919.7195618382198
