s_names,values
UserA,10626.709416567519
UserB,15886.57982209382
UserC,20680.372105031132
UserD,25442.10156403376
