s_names,values
UserA,1500.0000000006617
UserB,1980.000000837768
UserC,2450.0
UserD,2930.0000092865666
