s_names,values
UserA,36595.47497646101
UserB,63715.667529967795
UserC,88063.72972688828
UserD,111620.2645174381
