s_names,values
UserA,22890.506624275753
UserB,50108.41577280699
UserC,68799.71538108906
UserD,86731.1669627641
