s_names,values
UserA,2890.0
UserB,1980.0000025203713
UserC,2450.000002696062
UserD,2930.000002224716
