s_names,values
UserA,5000.0
UserB,6600.000022740336
UserC,8850.00001665145
UserD,11200.000021067983
