s_names,values
UserA,1567.416636737873
UserB,2217.0697783426585
UserC,2740.665381628589
UserD,3283.2149110120668
