s_names,values
UserA,1421.160831845383
UserB,2217.0697765071563
UserC,2740.6653814868296
UserD,3283.2149057981674
